titles,news_date,category
"Trump’s Tariff Threat Sends Mexico, Lawmakers and Businesses Scrambling",2019/06/01,business
A New Threat From Trump and Old Questions About Its Effectiveness,2019/06/01,us
12 Killed in Rampage at Municipal Center in Virginia,2019/06/01,us
‘Become My Mom Again’: What It’s Like to Grow Up Amid the Opioid Crisis,2019/06/01,us
Cannabis Companies Push F.D.A. to Ease Rules on CBD Products,2019/06/01,health
"There Are 472,000 Words in the Dictionary. For the Spelling Bee, That May Not Be Enough.",2019/06/01,us
What Confrontation? Mexico Seeks a Compromise With Trump,2019/06/01,world
"As China Takes Aim, Silicon Valley Braces for Pain",2019/06/01,technology
The ‘Gravity Knife’ Led to Thousands of Questionable Arrests. Now It’s Legal.,2019/06/01,nyregion
Could Prostitution Be Next to Be Decriminalized?,2019/06/01,nyregion
North Korean Negotiator’s Downfall Was Sealed When Trump-Kim Summit Collapsed,2019/06/01,world
A Latter-Day Lawrence of Arabia Shakes Up Britain’s Tories,2019/06/01,world
North Carolina to Investigate After Concerns Raised at Children’s Hospital,2019/06/01,us
Justice Dept. Explores Google Antitrust Case,2019/06/01,business
A Financial Checklist for Your Newly Minted High School Graduate,2019/06/01,
Things Were Going Great for Wall Street. Then the Trade War Heated Up.,2019/06/01,business
"With Just 7 Points, Kyle Lowry Was Still the Raptors’ Steadying Force",2019/06/01,sports
"With ‘NOS4A2,’ Joe Hill Finally Sinks His Teeth Into TV",2019/06/01,arts
Welcome to Galaxy’s Edge,2019/06/01,travel
"36 Hours in Bend, Ore. (and Environs)",2019/06/01,travel
"Boeing Built Deadly Assumptions Into 737 Max, Blind to a Late Design Change",2019/06/02,business
Trump’s Middle East Peace Plan Faces a Crossroads After Coalition Talks in Israel Crumble,2019/06/02,us
The Most Powerful Arab Ruler Isn’t M.B.S. It’s M.B.Z.,2019/06/02,world
Trump Is Said to Have Overruled Kushner and Other Aides in Threatening Mexico With Tariffs,2019/06/02,us
Virginia Beach Shooting: A City Grieves Its Workers a Day After Horror,2019/06/02,us
"As Trade War Spreads to Mexico, Companies Lose a Safe Harbor",2019/06/02,business
Photos of the Tiananmen Square Protests Through the Lens of a Student Witness,2019/06/02,world
"‘You Don’t Have to Be in Des Moines.’ Democrats Expand Primary Map, Spurred by Social Media.",2019/06/02,us
"Dementia Stopped Peter Max From Painting. For Some, That Spelled a Lucrative Opportunity.",2019/06/02,business
2019 French Open: Serena Williams and Naomi Osaka Lose in the Third Round,2019/06/02,sports
"A ‘Bridge’ to China, and Her Family’s Business, in the Trump Cabinet",2019/06/03,us
Inside a Flashy Trump Project in Uruguay: Cash Shortages and Mismanagement,2019/06/03,business
"Virginia Beach Gunman Said He Was Quitting, Then Went on a Shooting Rampage",2019/06/03,us
Google and Amazon Are at the Center of a Storm Brewing Over Big Tech,2019/06/03,business
California Is Now an ‘Early Primary State.’ Democrats Are Grappling With How to Compete.,2019/06/03,us
"Leah Chase, 96, Creole Chef Who Fed Presidents and Freedom Riders, Dies",2019/06/03,us
Trump Administration Says It Will Negotiate With Iran With ‘No Preconditions’,2019/06/03,world
Pope Francis Apologizes to Roma for Mistreatment and Urges European Unity,2019/06/03,world
"Insurgent Democrats, Many of Them Women, Worry a New Party Policy Will Block Them",2019/06/03,us
F.B.I. Is Said to Be Investigating College Admissions Practices at T.M. Landry,2019/06/03,us
"Democrats Are Determined to Spotlight Trump’s Misdeeds, but Remain Divided on How",2019/06/03,us
$146 Million Default by Nursing Home Chain Leaves U.S. on the Hook,2019/06/03,business
"As Slack Prepares to Go Public, Its C.E.O. Is Holding His Tongue",2019/06/03,technology
Estranged Husband Arrested in Disappearance of Connecticut Mother of 5,2019/06/03,nyregion
"David Letterman 2.0, the Non-Ironic Version",2019/06/03,arts
"Plenty of Fantasy in HBO’s ‘Chernobyl,’ but the Truth Is Real",2019/06/03,arts
N.B.A. Finals: Warriors Tie Series With Raptors,2019/06/03,sports
It Takes Real Skills to Be a Fake Stephen Curry,2019/06/03,sports
Antitrust Troubles Snowball for Tech Giants as Lawmakers Join In,2019/06/04,technology
Trump Insults London Mayor as ‘Loser’ as He Pays Tribute to the Queen,2019/06/04,world
Biden’s First Run for President Was a Calamity. Some Missteps Still Resonate.,2019/06/04,us
"Mexico Cracks Down on Migrants, After Pressure From Trump to Act",2019/06/04,world
How New York’s Elite Public Schools Lost Their Black and Hispanic Students,2019/06/04,nyregion
John Boehner: From Speaker of the House to Cannabis Pitchman,2019/06/04,us
Elizabeth Warren Sticks Her Message in Big Tech’s Face,2019/06/04,technology
"Trump’s Tariffs Could Nullify Tax Cut, Clouding Economic Picture",2019/06/04,business
"In the Midwest, Relentless Floods Dredge Up ‘Shadow’ of 1993",2019/06/04,us
Congress Gives Final Approval to Long-Delayed Disaster Aid,2019/06/04,us
A Former Business Partner Alleges the Trumps Evaded Taxes in Panama,2019/06/04,business
"On YouTube’s Digital Playground, an Open Gate for Pedophiles",2019/06/04,world
"‘In the Streets, Anguish, Fury and Tears’",2019/06/04,world
"In Tennis, Choosing a Woman as a Coach Is Still a ‘Bold Move’",2019/06/04,sports
A Farewell for iTunes,2019/06/04,technology
Hollywood Producer Seeks to Raise Funds to Battle Anti-Abortion Laws,2019/06/04,business
James Holzhauer’s ‘Jeopardy!’ Streak Ends Just Shy of a Record,2019/06/04,arts
Pavarotti Captured the Sublime and Vulgar Sides of Opera,2019/06/04,arts
Their Children Were Conceived With Donated Sperm. It Was the Wrong Sperm.,2019/06/04,health
Senate Republicans Warn White House Against Mexico Tariffs,2019/06/05,us
Climate Change Takes Center Stage as Biden and Warren Release Plans,2019/06/05,us
"As Trump Dangles Post-Brexit Trade Deal, Some Britons See Opportunism",2019/06/05,world
Parkland Officer Who Stayed Outside During Shooting Faces Criminal Charges,2019/06/05,us
"F.B.I., Pushing to Stop Domestic Terrorists, Grapples With Limits on Its Power",2019/06/05,us
Tiananmen Anniversary Draws Silence in Beijing but Emotion in Hong Kong,2019/06/05,world
"After Another Mass Shooting, Another Virginia Governor Tries to Change Gun Laws",2019/06/05,us
Modern Monetary Theory’s Reluctant Poster Child: Japan,2019/06/05,business
"11,000 People Who Prepare Your Airline Food Are Considering a Strike",2019/06/05,business
New Palestinian Premier Warns of a ‘Very Hot Summer’,2019/06/05,world
"Russia Could Unleash Fake Videos During Election, Schiff Says",2019/06/05,us
Rent Laws: Dozens Arrested at State Capitol as Debate Escalates,2019/06/05,nyregion
"It’s Federer vs. Nadal, a Grand Rivalry Reborn, in the French Open Semifinals",2019/06/05,sports
Kehinde Wiley (and His Infinity Pool) Are Ready to Spoil Artists,2019/06/05,arts
Trump Says No Deal With Mexico Is Reached as Border Arrests Surge,2019/06/06,us
Trump Administration Sharply Curtails Fetal Tissue Medical Research,2019/06/06,us
Their Fathers Never Spoke of the War. Their Children Want to Know Why.,2019/06/06,us
Trump’s Split-Screen Persona on Blaring Display in U.K. Visit,2019/06/06,world
Tech Giants Amass a Lobbying Army for an Epic Washington Battle,2019/06/06,us
Who Can Adopt a Native American Child? A Texas Couple vs. 573 Tribes,2019/06/06,health
"In China, a Viral Video Sets Off a Challenge to Rape Culture",2019/06/06,business
Fiat Chrysler Withdraws Its Offer for Renault,2019/06/06,business
Australia May Well Be the World’s Most Secretive Democracy,2019/06/06,world
Thailand Junta Leader Named Prime Minister After Contentious Vote,2019/06/06,world
34 Ice Cream Trucks Towed in Midtown ‘Operation Meltdown’,2019/06/06,nyregion
We Expect Police to Be Brave For Us. But What Happens When They’re Not?,2019/06/06,us
Ohio Doctor Charged With Killing 25 Patients in Fentanyl Overdoses,2019/06/06,us
Bob Dylan’s Glam Hootenanny: Returning to Rolling Thunder,2019/06/06,arts
Finding an Oasis at Tennis’s Most Crowded Major,2019/06/06,sports
Automakers Tell Trump His Pollution Rules Could Mean ‘Untenable’ Instability and Lower Profits,2019/06/07,climate
Mexico and the U.S. Have Made Progress Toward Averting Tariffs,2019/06/07,us
"Trump Honors D-Day Sacrifices, With Some Legacies Unspoken",2019/06/07,world
"Stonewall Riot Apology: Police Actions Were ‘Wrong,’ Commissioner Admits",2019/06/07,nyregion
"Joe Biden Denounces Hyde Amendment, Reversing His Position",2019/06/07,us
West Point Accident Kills Cadet and Injures 22 Others,2019/06/07,nyregion
Few Talked About Race at This School. Then a Student Posted a Racist Slur.,2019/06/07,us
The Car Industry Is Under Siege,2019/06/07,business
Gay Official Wins Court Battle for Spousal Benefits in Hong Kong,2019/06/07,world
Sudan Pro-Democracy Groups Vow to Continue Protests After Deadly Crackdown,2019/06/07,world
"Democratic Candidates Woo Silicon Valley for Donations, Then Bash It",2019/06/07,us
Scot Peterson Is Released on Bond. Here’s How He’s Explained His Actions During the Parkland Shooting.,2019/06/07,us
"Deceased Strategist’s Files Detail Republican Gerrymandering in North Carolina, Advocates Say",2019/06/07,us
"Tariff Threats Aside, the Senate Is Where Action Goes to Die",2019/06/07,us
"Dr. John, of Voodoo Beads, Feathers and New Orleans Sound, Dies at 77",2019/06/07,obituaries
How China Tariffs Could Make Your Sweaters and Pants Cost More,2019/06/07,business
"Huawei, Shunned by U.S. Government, Is Welcomed in Russia",2019/06/07,business
"Amanda Anisimova, Playing Fearlessly, Nears an Early Breakthrough",2019/06/07,sports
Trump Calls Off Plan to Impose Tariffs on Mexico,2019/06/08,us
A Weak Jobs Report Poses a New Challenge to Trump: A Slowing Economy,2019/06/08,business
Death on the Rio Grande: A Look at a Perilous Migrant Route,2019/06/08,us
Trump Allows High-Tech U.S. Bomb Parts to Be Built in Saudi Arabia,2019/06/08,us
Columbine High School Could Be Torn Down to Deter Copycats,2019/06/08,us
Warning of ‘Pig Zero’: One Drugmaker’s Push to Sell More Antibiotics,2019/06/08,health
France Revels as It Opens the World Cup With a Victory,2019/06/08,sports
"Fearing China’s Rule, Hong Kong Residents Resist Extradition Plan",2019/06/08,world
"For China’s Leading Investigative Reporter, Enough Is Enough",2019/06/08,world
The Raptors Won Game 4 and Are 1 Win From an N.B.A. Championship,2019/06/08,sports
"Times Square Terror Plot: Inspired by Bin Laden, Man Planned Bombing, Officials Say",2019/06/08,nyregion
Want to Buy a Ticket to the Space Station? NASA Says Soon You Can,2019/06/08,science
"New Evidence of Age Bias in Hiring, and a Push to Fight It",2019/06/08,business
"Behind Biden’s Reversal on Hyde Amendment: Lobbying, Backlash and an Ally’s Call",2019/06/08,us
University of Alabama Returns Largest-Ever Gift to Donor,2019/06/08,us
Somali-American Police Officer Sentenced to 12.5 Years in Death of Minneapolis Woman,2019/06/08,us
Mexico Agreed to Take Border Actions Months Before Trump Announced Tariff Deal,2019/06/09,us
Politicians Draw Clear Lines on Abortion. Their Parties Are Not So Unified.,2019/06/09,upshot
The Making of a YouTube Radical,2019/06/09,technology
A Drama of Trump’s Own Making Ends With a Familiar Hero,2019/06/09,us
"Nicky Barnes, ‘Mr. Untouchable’ of Heroin Dealers, Is Dead at 78",2019/06/09,nyregion
Japan Desperately Needs More Day Care Workers. New Mothers Need Not Apply.,2019/06/09,world
China Summons Tech Giants to Warn Against Cooperating With Trump Ban,2019/06/09,business
"Trump Mixes Economic and National Security, Plunging the U.S. Into Multiple Fights",2019/06/09,business
New Wave of Student Activism Presses Colleges on Sexual Assault,2019/06/09,us
Meet the Money Whisperer to the Super-Rich N.B.A. Elite,2019/06/09,business
Ashleigh Barty Wins the French Open for Her First Grand Slam Singles Title,2019/06/09,sports
People Are Trying to Figure Out William Barr. He’s Busy Stockpiling Power.,2019/06/10,us
"Sudan Protesters, Devastated but Defiant, Regroup Underground After Crackdown",2019/06/10,world
Hong Kong March: Vast Protest of Extradition Bill Shows Fear of Eroding Freedoms,2019/06/10,world
"Trump Lawyer’s Message Was a Clue for Mueller, Who Set It Aside",2019/06/10,us
Residents Cowered While Workers at a Group Home Smacked and Pushed Them,2019/06/10,nyregion
"How Old Should a President Be? With So Many Choices, Democrats Are Sharply Divided",2019/06/10,us
"As Students Clamor for More on Climate Change, Portland Heeds the Call",2019/06/10,us
"Migrants in Custody at Hospitals Are Treated Like Felons, Doctors Say",2019/06/10,us
Saudi Teenager Faces Death Sentence for Acts When He Was 10,2019/06/10,world
Pride Flags and Foreign Policy: U.S. Diplomats See Shift on Gay Rights,2019/06/10,world
Inside the Stealth Campaign for ‘Responsible Rent Reform’,2019/06/10,nyregion
Stanley Cup Finals Headed to Game 7 After Bruins Wallop Blues,2019/06/10,sports
"Rafael Nadal, Pillar of Roland Garros, Wins the French Open for the 12th Time",2019/06/10,sports
"Suiting Up Hockey’s Stars, One Stitch at a Time",2019/06/10,sports
"Wall Street Asks When, Not if, the Fed Will Cut Interest Rates",2019/06/10,business
United Technologies and Raytheon to Combine Into Aerospace and Military Giant,2019/06/10,business
Justice Dept. Agrees to Turn Over Key Mueller Evidence to House,2019/06/11,us
"Trump Says Mexico Tariffs Worked, Emboldening Trade Fight With China",2019/06/11,us
Anger at Big Tech Unites Noodle Pullers and Code Writers,2019/06/11,technology
Her Evangelical Megachurch Was Her World. Then Her Daughter Said She Was Molested by a Minister.,2019/06/11,us
Pilot Is Killed in Helicopter Crash on Roof of New York City Building,2019/06/11,nyregion
Paralysis on America’s Rivers: There’s Too Much Water,2019/06/11,us
"Elizabeth Warren Has Lots of Plans. Together, They Would Remake the Economy.",2019/06/11,us
"No Secret Immigration Deal Exists With U.S., Mexico’s Foreign Minister Says",2019/06/11,us
An Overloaded Ferry Flipped and Drowned Hundreds of Schoolchildren. Could It Happen Again?,2019/06/11,world
"Hong Kong Leader, Carrie Lam, Says She Won’t Back Down on Extradition Bill",2019/06/11,world
The Story Behind the Police Commissioner’s Handwritten Stonewall Apology,2019/06/11,nyregion
"Trump Renews Attacks on Fed, Putting Central Bank in a Bind",2019/06/11,business
Dark Web Drug Sellers Dodge Police Crackdowns,2019/06/11,technology
"How Dengue, a Deadly Mosquito-Borne Disease, Could Spread in a Warming World",2019/06/11,climate
Border Agency’s Images of Travelers Stolen in Hack,2019/06/11,us
How the Warriors Survived Game 5 of the N.B.A. Finals,2019/06/11,sports
Thailand’s World Cup Formula: A Wealthy Donor and a Rival’s Doping,2019/06/11,sports
"While the Women’s Game Is in Upheaval, the Big 3 Men Still Dominate",2019/06/11,sports
Landmark Deal Reached on Rent Protections for Tenants in N.Y.,2019/06/12,nyregion
Sprint and T-Mobile Merger Faces New Hurdle With Lawsuit by States,2019/06/12,business
He Tried to Plug a Wasp Nest. He Ended Up Sparking California’s Biggest Wildfire.,2019/06/12,us
Trump and Biden Get Personal in Iowa Skirmish,2019/06/12,us
"Birthright Trips, a Rite of Passage for Many Jews, Are Now a Target of Protests",2019/06/12,us
"Brazil Fails to Replace Cuban Doctors, Hurting Health Care of 28 Million",2019/06/12,world
U.S. Takes Apart Thailand and the Record Book at the Women’s World Cup,2019/06/12,sports
Hong Kong Residents Block Roads to Protest Extradition Bill,2019/06/12,world
"Before Fatal Boat Crash in Budapest, Safety Warnings Went Unheeded",2019/06/12,world
"Trump Brags About Mexico Deal, but Reveals No Details",2019/06/12,us
"With Most States Under One Party’s Control, America Grows More Divided",2019/06/12,us
Surrogate Pregnancy Battle Pits Progressives Against Feminists,2019/06/12,nyregion
"Review: In Central Park, a ‘Much Ado’ About Something Big",2019/06/12,theater
Seeking the Real David Hockney Through Fact and Fiction,2019/06/12,arts
Chinese Tourists’ U.S. Spending Has Plunged. The Trade War May Be to Blame.,2019/06/12,business
Kevin Durant’s Injury Overshadows Warriors Win,2019/06/12,sports
Justice Dept. Seeks to Question C.I.A. in Its Own Russia Investigation,2019/06/13,us
"In Battle for Hong Kong, the Field Has Tilted Toward Beijing",2019/06/13,world
Census Fight Grows as House Panel Backs Contempt and Trump Asserts Privilege,2019/06/13,us
Titans of Real Estate in ‘Shock’ Over New York Rent Law Deal,2019/06/13,nyregion
"Facing Ruin, Taxi Drivers to Get $10 Million Break and Loan Safeguards",2019/06/13,nyregion
Inside the Elementary School Where Drug Addiction Sets the Curriculum,2019/06/13,us
Stanford Coach Avoids Prison in Admissions Scandal. Have Colleges Avoided Blame?,2019/06/13,us
"Sylvia Miles, Actress With a Flair for the Flamboyant, Dies at 94",2019/06/13,movies
Shinzo Abe’s Latest Diplomatic Long Shot: Peacemaking in Iran,2019/06/13,world
188 Sickly Dogs Hoarded by a One-Time Top Breeder at Westminster,2019/06/13,nyregion
Social Security Is Staring at Its First Real Shortfall in Decades,2019/06/13,business
"St. Louis Blues Claim the Stanley Cup, Ending a 52-Year Wait",2019/06/13,sports
A Basketball Mecca That Just Needed a Name,2019/06/13,sports
Could Trees Be the New Gravestones?,2019/06/13,style
Ali Stroker on Winning the Tony: ‘I Was Meant to Be in This Seat’,2019/06/13,theater
"Tankers Are Attacked in Mideast, and U.S. Says Video Shows Iran Was Involved",2019/06/14,world
"After Placing Blame for Attacks, Trump Faces Difficult Choices on Confronting Iran",2019/06/14,us
Trump Is Assailed for Saying He Would Take Campaign Help From Russia,2019/06/14,us
"India Heat Wave, Soaring Up to 123 Degrees, Has Killed at Least 36",2019/06/14,world
Cut From the Debate? It Doesn’t Mean a Candidate Can’t Matter,2019/06/14,upshot
Hong Kong Protests Raise Stakes for Xi’s Hard-Line Agenda,2019/06/14,world
Measles Outbreak: N.Y. Eliminates Religious Exemptions for Vaccinations,2019/06/14,nyregion
How the Raptors Won Their First N.B.A. Championship,2019/06/14,sports
How Pete Buttigieg and Elizabeth Warren Cracked the Code of the 2020 Race,2019/06/14,us
Formiga Isn’t Going Anywhere,2019/06/14,sports
"St. Louis Celebrates, Leaving Other Cities to Sing the Title Drought Blues",2019/06/14,sports
Boris Johnson Shows Strength in Conservative Leadership Contest,2019/06/14,world
Amanda Knox Returns to Italy for First Time Since Her Acquittal,2019/06/14,world
New Zealand Mosque Killing Suspect Pleads Not Guilty,2019/06/14,world
"Depo-Provera, an Injectable Contraceptive, Does Not Raise H.I.V. Risk",2019/06/14,health
Sarah Huckabee Sanders Leaving White House at the End of the Month,2019/06/14,us
Trump Is Urged to Fire Kellyanne Conway for Hatch Act Violations,2019/06/14,us
"Shuffled Among Homeless Shelters, and Not Told Why",2019/06/14,nyregion
"Review: At Ailey, an Overdone Ode to Inspiration and Education",2019/06/14,arts
‘The Dead Don’t Die’ Review: Zombies Gobbling Up Scraps of Pop Culture,2019/06/14,movies
Stanford Team Aims at Alexa and Siri With a Privacy-Minded Alternative,2019/06/14,technology
U.S. Puts Iran on Notice and Weighs Response to Attack on Oil Tankers,2019/06/15,us
"As Trump Accuses Iran, He Has One Problem: His Own Credibility",2019/06/15,us
"For the Third Time, W.H.O. Declines to Declare the Ebola Outbreak an Emergency",2019/06/15,health
The Democratic Debate Lineups Are Set. Here’s What to Expect.,2019/06/15,us
Bribes and Backdoor Deals Help Foreign Firms Sell to China’s Hospitals,2019/06/15,business
See a Design of the Harriet Tubman $20 Bill That Mnuchin Delayed,2019/06/15,us
"Russia Sought to Use Social Media to Influence E.U. Vote, Report Finds",2019/06/15,business
"Despite #MeToo Glare, Efforts to Ban Secret Settlements Stop Short",2019/06/15,arts
Carrie Lam: A ‘Good Fighter’ in the Crisis Over the Hong Kong Extradition Bill,2019/06/15,world
"A Musical Prodigy? Sure, but Don’t Call Her ‘a New Mozart’",2019/06/15,world
‘I Live This Every Day’: Portraits of Pride in Iowa,2019/06/15,us
The St. Louis Prosecutor Went After the Establishment. Now the Tables Are Turned.,2019/06/15,us
"When Rohingya Refugees Fled to India, Hate on Facebook Followed",2019/06/15,technology
‘Euphoria’ Review: HBO Raises the Stakes on Teenage Transgression,2019/06/15,arts
A Dad Defends Dad Jokes,2019/06/15,arts
"New Coach, New Star: The Raptors Made All the Right Moves",2019/06/15,sports
"In Face-Off With Iran, Escalation May Depend on Who Prevails Inside Washington and Tehran",2019/06/16,world
How Hong Kong’s Leader Made the Biggest Political Retreat by China Under Xi,2019/06/16,world
"As Passions Flare in Abortion Debate, Many Americans Say ‘It’s Complicated’",2019/06/16,us
U.S. Escalates Online Attacks on Russia’s Power Grid,2019/06/16,us
Andy Ruiz Jr. Shocked the Boxing World. But Not His Hometown.,2019/06/16,sports
The Murder Case That Lit the Fuse in Hong Kong,2019/06/16,world
"‘Who’s Taking Care of the Kids?’ Is Finally a Question for Dads on the Trail, Too",2019/06/16,us
"Franco Zeffirelli, Italian Director With Taste for Excess, Dies at 96",2019/06/16,arts
Nazis Killed Her Father. Then She Fell in Love With One.,2019/06/16,business
6 Places in Europe Offering Shelter From the Crowds,2019/06/16,travel
"Hong Kong Protesters Return to the Streets, Rejecting Leader’s Apology",2019/06/17,world
Trump Wants to Neutralize Democrats on Health Care. Republicans Say Let It Go.,2019/06/17,us
The Youngest Child Separated From His Family at the Border Was 4 Months Old,2019/06/17,us
Hong Kong’s Retreat Chips Away at Xi Jinping’s Iron Image,2019/06/17,world
Food-Delivery Couriers Exploit Desperate Migrants in France,2019/06/17,business
Rent Laws’ Impact: Tenant Paradise or Return of the ‘Bronx Is Burning’?,2019/06/17,nyregion
Trump Campaign to Purge Pollsters After Leak of Dismal Results,2019/06/17,us
‘Massive Failure’ in Power Grid Causes Blackout in Argentina and Uruguay,2019/06/17,world
Sudan’s Deposed Dictator Makes First Appearance Since Ouster,2019/06/17,world
"Wall Street Donors Are Swooning for Mayor Pete. (They Like Biden and Harris, Too.)",2019/06/17,us
"As Downtowns Prosper, Voters Ask Mayors: What About My Neighborhood?",2019/06/17,us
Progressives Vowed Driver’s Licenses for the Undocumented. Then the Suburbs Spoke Up.,2019/06/17,nyregion
Recyclers Cringe as Southeast Asia Says It’s Sick of the West’s Trash,2019/06/17,world
"‘Catastrophic,’ ‘Cataclysmic’: Trump’s Tariff Threat Has Retailers Sounding Alarm",2019/06/17,business
"New Faces, Same Result: U.S. Rolls Again at World Cup",2019/06/17,sports
LeBron James and the Lakers Are All In for a Wide-Open 2019-20,2019/06/17,sports
Trump Adds Troops After Iran Says It Will Breach Nuclear Deal,2019/06/18,world
Trump Careens Toward a Confrontation With Iran,2019/06/18,us
"These Influencers Aren’t Flesh and Blood, Yet Millions Follow Them",2019/06/18,business
Racist Comments Cost Conservative Parkland Student a Place at Harvard,2019/06/18,us
UNC Children’s Hospital Suspends Most Complex Heart Surgeries,2019/06/18,us
Gloria Vanderbilt Dies at 95; Built a Fashion Empire,2019/06/18,style
"2 Giant Buddhas Survived 1,500 Years. Fragments, Graffiti and a Hologram Remain.",2019/06/18,world
Xi Jinping Will Make First Visit to North Korea Ahead of Meeting With Trump,2019/06/18,world
"Mohamed Morsi, Egypt’s First Democratically Elected President, Dies",2019/06/18,world
"For Hong Kong’s Youth, Protests Are ‘a Matter of Life and Death’",2019/06/18,world
Paul Manafort Seemed Headed to Rikers. Then the Justice Department Intervened.,2019/06/18,nyregion
Driver’s Licenses for the Undocumented Are Approved in Win for Progressives,2019/06/18,nyregion
Why Picking Second in the N.B.A. Draft Might Be a Bad Thing,2019/06/18,sports
Shooting Near Toronto Raptors’ Victory Parade Leaves 4 Wounded,2019/06/18,world
Those Puppy Dog Eyes You Can’t Resist? Thank Evolution,2019/06/18,science
Four Years Ago Trump Was Seen as a Sideshow. Now He Is the Show.,2019/06/18,us
Businesses Plead to Stop More China Tariffs. They Expect to Be Ignored.,2019/06/18,business
California Tests a Digital ‘Fire Alarm’ for Mental Distress,2019/06/18,health
New York to Approve One of the World’s Most Ambitious Climate Plans,2019/06/19,nyregion
Trump Accuses Europe of Bolstering Its Economy at America’s Expense,2019/06/19,business
"Shanahan Withdraws as Defense Secretary Nominee, and Mark Esper Is Named Acting Pentagon Chief",2019/06/19,us
Cities Start to Question an American Ideal: A House With a Yard on Every Lot,2019/06/19,upshot
"The Evangelical, the ‘Pool Boy,’ the Comedian and Michael Cohen",2019/06/19,us
Global Economic Growth Is Already Slowing. The U.S. Trade War Is Making It Worse.,2019/06/19,business
Facebook Plans Global Financial System Based on Cryptocurrency,2019/06/19,technology
"As U.S. and Iran Face Off, Europe Is Stuck in the Middle",2019/06/19,world
Hong Kong Was a Refuge for Mainland Chinese. The Extradition Bill Could Change That.,2019/06/19,world
People Are Taking Emotional Support Animals Everywhere. States Are Cracking Down.,2019/06/19,us
"A Horrific Discovery in a Park Turns Bizarre: It Was a Doll, Not a Baby",2019/06/19,nyregion
"For Taylor Swift, Is Ego Stronger Than Pride?",2019/06/19,arts
"Jeremy Lin, ‘Reppin’ Asians With Everything I Have,’ Is Bigger Than an N.B.A. Title",2019/06/19,sports
E.P.A. Finalizes Its Plan to Replace Obama-Era Climate Rules,2019/06/20,climate
Saudis Called Khashoggi ‘Sacrificial Animal’ as They Waited to Kill Him,2019/06/20,world
"At Historic Hearing, House Panel Explores Reparations",2019/06/20,us
"A Trio of Unlikely Partners: Kim, Xi and Trump",2019/06/20,us
Joe Biden and Democratic Rivals Exchange Attacks Over His Remarks on Segregationists,2019/06/20,us
U.S. Might Be the World Cup’s Best Team. It Is Definitely the Best Draw.,2019/06/20,sports
"A New Lincoln Bible, From a Mantel to a Presidential Library",2019/06/20,us
Five NY1 Anchorwomen Sue Cable Channel for Age and Gender Discrimination,2019/06/20,business
Nxivm’s Keith Raniere Convicted in Trial Exposing Sex Cult’s Inner Workings,2019/06/20,nyregion
"South Korea to Send the North 50,000 Tons of Rice",2019/06/20,world
Globalization Is Moving Past the U.S. and Its Vision of World Order,2019/06/20,business
House Moves Forward With Spending Bills as Congress Grapples With Looming Fiscal Deadlines,2019/06/20,us
Deutsche Bank Faces Criminal Investigation for Potential Money-Laundering Lapses,2019/06/20,business
The Fed May Give Trump His Rate Cut. The Question Is When.,2019/06/20,business
The Boutique Fitness Boom,2019/06/20,style
Slack Wants to Replace Email. Is That What We Want?,2019/06/20,style
Why Def Leppard Finally Said Yes to the ‘Rock of Ages’ Musical,2019/06/20,arts
"Strikes on Iran Approved by Trump, Then Abruptly Pulled Back",2019/06/21,world
"For Trump, ‘Judgment Time Is Coming’ on How to Respond to Iran",2019/06/21,us
"As Hong Kong Erupted Over Extradition Bill, City’s Tycoons Waited and Worried",2019/06/21,business
‘These People Aren’t Coming From Norway’: Refugees in a Minnesota City Face a Backlash,2019/06/21,us
Want a House Like This? Prepare for a Bidding War With Investors,2019/06/21,business
"A ‘Sorceress’ in Brazil, a ‘Wink’ in India: Walmart Pleads Guilty After a Decade of Bribes",2019/06/21,business
"Xi Jinping Arrives in North Korea, With Many Eyes on Trump",2019/06/21,world
Whataburger Got Sold to Chicago. Texas Is Flipping Out.,2019/06/21,us
Roy Moore to Run for Alabama Senate Seat Again,2019/06/21,us
Senate Votes to Block Trump’s Arms Sales to Gulf Nations in Bipartisan Rebuke,2019/06/21,us
Christchurch Victims Say New Zealand Has Fallen Short of Lofty Promises,2019/06/21,world
Russia to Release First Whales Held in ‘Jail’ for Months,2019/06/21,world
Fight to Lead the U.K. Narrows to 2: Boris Johnson vs. Jeremy Hunt,2019/06/21,world
Black Superstars Pitch Adidas Shoes. Its Black Workers Say They’re Sidelined.,2019/06/21,business
Does Trump Have the Legal Authority to Demote the Federal Reserve Chairman?,2019/06/21,us
Students of Color Are More Likely to Be Arrested in School. That May Change.,2019/06/21,nyregion
Zion Williamson Is the Choosing One,2019/06/21,sports
U.S. Faces Sweden at the World Cup With Something to Gain but Even More to Prove,2019/06/21,sports
‘Toy Story 4’ Review: Playtime’s Over,2019/06/21,movies
"Trump Says He Was ‘Cocked and Loaded’ to Strike Iran, but Pulled Back",2019/06/22,us
"Urged to Launch an Attack, Trump Listened to the Skeptics Who Said It Would Be a Costly Mistake",2019/06/22,us
Blue States Roll Out Aggressive Climate Strategies. Red States Keep to the Sidelines.,2019/06/22,climate
A Profound Democratic Shift in New York: ‘We Seized the Moment’,2019/06/22,nyregion
"Excluding Black Jurors in Curtis Flowers Case Violated Constitution, Supreme Court Rules",2019/06/22,us
Jane Sanders and the Messy Demise of a Vermont College,2019/06/22,us
Buttigieg Leaves Campaign Trail After Fatal Shooting. Reality Rears Its Head.,2019/06/22,us
L.A. to Vegas and Back by Electric Car: 8 Hours Driving; 5 More Plugged In,2019/06/22,business
Taiwan’s iPhone Tycoon Walks a Fraught U.S.-China Line in His Presidential Run,2019/06/22,world
Why Los Angeles Could Be the Setting for the ‘Most Important D.A. Race’ in the U.S.,2019/06/22,us
"Biden Has Not Changed. The Politics, Culture and Mood of His Party Have.",2019/06/22,us
"From a Tibetan Filmmaker, an Unvarnished View of His Land",2019/06/22,world
"The N.B.A.’s Draft Show Goes On, With Style — Even if It Shouldn’t",2019/06/22,arts
Ariana Grande Was Updating Pop. Then Billie Eilish Came Along.,2019/06/22,arts
Stephen Curry Finally Gets Some Rest (but Only From Basketball),2019/06/22,sports
"Facing Intensifying Confrontation With Iran, Trump Has Few Appealing Options",2019/06/23,world
Iranian Force Exults in Downing of U.S. Drone With a Feast and a Prayer,2019/06/23,world
‘The Black Vote Is Not Monolithic’: 2020 Democrats Find Split Preferences in South Carolina,2019/06/23,us
Who Gets to Own the West?,2019/06/23,us
‘The Rooster Must Be Defended’: France’s Culture Clash Reaches a Coop,2019/06/23,world
"Pompeo, a Steadfast Hawk, Coaxes a Hesitant Trump on Iran",2019/06/23,world
U.S. Carried Out Cyberattacks on Iran,2019/06/23,us
A Bird’s-Eye View of How Protesters Have Flooded Hong Kong Streets,2019/06/23,world
Austerity Has Ravaged U.K. Communities. It Has Also Spurred Reinvention.,2019/06/23,world
"As Pope Francis Champions Migrants, Some Cardinals Court the Far Right",2019/06/23,world
Farms Have Folded. But the Dairy Breakfast Must Go On.,2019/06/23,us
Trump Says He’ll Delay Deportation Operation Aimed at Undocumented Families,2019/06/23,us
Congressional Veterans Pitch In to Rebuild Oversight Muscle,2019/06/23,us
Being Transgender at Goldman Sachs,2019/06/23,business
"To Take Down Big Tech, They First Need to Reinvent the Law",2019/06/23,technology
Richmond Is at a Crossroads. Will Arthur Ashe Boulevard Point the Way?,2019/06/23,sports
Thank Heaven for Charo,2019/06/23,style
Turkey’s President Suffers Stinging Defeat in Istanbul Election Redo,2019/06/24,world
"Trump’s Iran Reversal Raises Allies’ Doubts Over His Tactics, and U.S. Power",2019/06/24,world
"Amid Racial Divisions, Mayor’s Plan to Scrap Elite School Exam Fails",2019/06/24,nyregion
What Happens After Amazon’s Domination Is Complete? Its Bookstore Offers Clues,2019/06/24,technology
"At Town Hall, Pete Buttigieg Confronts Tensions Around South Bend Police Shooting",2019/06/24,us
Crisis Hits Dominican Republic Over Deaths of U.S. Tourists,2019/06/24,us
"Stand-Ins, Push-Ups, Long Drives: How the 2020 Candidates Are Preparing for the Debates",2019/06/24,us
Proms Can Be Painful. Pride Prom Is Different.,2019/06/24,nyregion
"She Joined the Military, and Became a Citizen. But Her American Dream Ended in Violence.",2019/06/24,nyregion
"In the Largest Protests in Decades, Czechs Demand Resignation of Prime Minister",2019/06/24,world
"Maine Needed New, Young Residents. African Migrants Began Arriving by the Dozens.",2019/06/24,us
"George Rosenkranz, 102, a Developer of the Birth Control Pill, Is Dead",2019/06/24,obituaries
Sailing Into Uncharted Waters,2019/06/24,sports
"For Spain, Investment Pays Off at the World Cup",2019/06/24,sports
"In Streaming Age, Classical Music Gets Lost in the Metadata",2019/06/24,business
"A Machine May Not Take Your Job, but One Could Become Your Boss",2019/06/24,technology
Emergency Aid for Migrants Badly Divides Democrats,2019/06/25,us
"Mexico’s Crackdown at Its Southern Border, Prompted by Trump, Scares Migrants From Crossing",2019/06/25,world
Guantánamo Case to Test Whether Torture Can Be Put on the Docket,2019/06/25,us
"Miami, Drowning and Scorching, Awaits Democrats for Debate",2019/06/25,us
"U.S. Holds Off an Ascendant Spain, for Now, at Women’s World Cup",2019/06/25,sports
How Elizabeth Warren Learned to Fight,2019/06/25,us
"Hats Like Sneezes, Playing at Aristocracy and Other Notes From Royal Ascot",2019/06/25,world
Hundreds of Migrant Children Are Moved Out of an Overcrowded Border Station,2019/06/25,us
"Hong Kong Police, Once Called ‘Asia’s Finest,’ Are Now a Focus of Anger",2019/06/25,world
"Trump Imposes New Sanctions on Iran, Adding to Tensions",2019/06/25,us
"‘She’s Not My Type’: Accused Again of Sexual Assault, Trump Resorts to Old Insult",2019/06/25,us
Trump Promised a Manufacturing Renaissance. What Happens in 2020 in Places That Lost Those Jobs?,2019/06/25,us
How E-Commerce Sites Manipulate You Into Buying Things You May Not Want,2019/06/25,technology
Chinese Drones Made in America: One Company’s Plan to Win Over Trump,2019/06/25,technology
The Gay Jewish Matador From Brooklyn,2019/06/25,nyregion
"He’s in Charge of Housing for 11,000 Minnesotans. Can He Handle 400,000 New Yorkers?",2019/06/25,nyregion
Italy Is Chosen to Host 2026 Winter Olympics,2019/06/25,sports
A Boy Who Had Spinal Surgery in the Womb Stands on His Own Two Feet,2019/06/25,health
"House Approves Border Aid, Seeking to Curb Trump’s Crackdown",2019/06/26,us
‘We’re in a Dark Place’: Children Returned to Troubled Texas Border Facility,2019/06/26,us
A Plan to Mine the Minnesota Wilderness Hit a Dead End. Then Trump Became President.,2019/06/26,climate
‘Lock the S.O.B.s Up’: Joe Biden and the Era of Mass Incarceration,2019/06/26,us
"Mueller to Testify to Congress, Setting Up a Political Spectacle",2019/06/26,us
"U.S. Tech Companies Sidestep a Trump Ban, to Keep Selling to Huawei",2019/06/26,technology
Photo of Drowned Migrants Captures Pathos of Those Who Risk It All,2019/06/26,us
18 Questions. 21 Candidates. Here’s What They Said.,2019/06/26,
A Rape Case and a Wedding Strain Ties Between Arab and Jewish Villages,2019/06/26,world
A Beauty Queen Accuses Former Gambian President of Rape: ‘I Literally Stumbled Out of There’,2019/06/26,world
"When Trump Meets With World Leaders, He Won’t Be the Only One Thinking About 2020",2019/06/26,us
"In Women’s World Cup Origin Story, Fact and Fiction Blur",2019/06/26,sports
"Trump Names Stephanie Grisham, Aide to First Lady, as Sarah Sanders’s Successor",2019/06/26,us
Bombing Range or Nature Preserve? A Battle for Control of the Nevada Desert,2019/06/26,us
Glare Falls on Nissan’s C.E.O. as Ghosn Fallout Spreads,2019/06/26,business
Regulators Have Doubts About Facebook Cryptocurrency. So Do Its Partners.,2019/06/26,technology
Fed Chair Powell Weighs Whether Cut Will Be Needed as Risks Loom,2019/06/26,business
Tolls From New Jersey Into New York May Increase (Again),2019/06/26,nyregion
"Watching ‘Euphoria,’ Two Young Recovering Addicts Saw Themselves",2019/06/26,arts
Democrats Diverge on Economy and Immigration in First Debate,2019/06/27,us
"Photo of Migrants Shocks, but Congress Stalls on Border Aid",2019/06/27,us
Why the Democratic Takeover in New Jersey Is More Civil War Than Progressive Revolution,2019/06/27,nyregion
Why So Many Horses Have Died at Santa Anita,2019/06/27,sports
"Boris Johnson, Political Escape Artist, Lands in Hot Water. Again.",2019/06/27,world
Migrant Children Are Spending Months ‘Crammed’ in a Temporary Florida Shelter,2019/06/27,us
Weeks of Talks Led a Reluctant Mueller to Testify,2019/06/27,us
"In New Turf War, Treasury Dept. Seeks Control of Secret Service",2019/06/27,us
‘It’s Gigantic’: A New Way to Gauge the Chances for Unresponsive Patients,2019/06/27,health
How New York’s Skyline Is Changing to Give the Wealthy a Better View,2019/06/27,nyregion
Why Hong Kong’s Protesters Are Turning to G-20 Leaders for Help,2019/06/27,world
How a Message of Unity and Mistakes by Erdogan Tipped the Istanbul Election,2019/06/27,world
"Buy Low-Tops, Sell High-Tops: StockX Sneaker Exchange Is Worth $1 Billion",2019/06/27,technology
Would You Pay $30 a Month to Check Your Email?,2019/06/27,technology
Boeing’s 737 Max Suffers Setback in Flight Simulator Test,2019/06/27,business
‘My Plan B Is Maybe My Plan A’: Trump Threatens New Tariffs on China,2019/06/27,business
Trump Criticizes Megan Rapinoe Over Refusal to Visit White House,2019/06/27,sports
"Next Stop, Fashion Disney",2019/06/27,style
Supreme Court Green-Lights Gerrymandering and Blocks Census Citizenship Question,2019/06/28,us
Why the Supreme Court’s Rulings Have Profound Implications for American Politics,2019/06/28,us
Biden Comes Under Attack From All Sides in Democratic Debate,2019/06/28,us
"After 14 Years, Chief Justice Roberts Takes Charge",2019/06/28,us
The Night the Stonewall Inn Became a Proud Shrine,2019/06/28,nyregion
"Why E. Jean Carroll, ‘the Anti-Victim,’ Spoke Up About Trump",2019/06/28,us
"As Coal Fades in the U.S., Natural Gas Becomes the Climate Battleground",2019/06/28,climate
The RealReal I.P.O.: Secondhand Fashion Goes Mainstream,2019/06/28,business
A School With No Heat or Computers but Many College-Bound Students. Mostly Girls.,2019/06/28,world
Tillerson Says Kushner Bypassed Him and Mattis to Make Foreign Policy,2019/06/28,us
A Timeline of Despair in Australia’s Offshore Detention Centers,2019/06/28,world
House Passes Senate Border Bill in Striking Defeat for Pelosi,2019/06/28,us
Alabama Woman Who Was Shot While Pregnant Is Charged in Fetus’s Death,2019/06/28,us
NASA Announces New Dragonfly Drone Mission to Explore Titan,2019/06/28,science
Manafort Pleads Not Guilty to N.Y. Charges Designed to Thwart a Trump Pardon,2019/06/28,nyregion
"‘Yesterday’ Review: I Saw a Film Today, Oh Boy",2019/06/28,movies
"Discovering Maurice Sendak, the Opera Designer",2019/06/28,arts
Women’s World Cup Preview: United States vs. France,2019/06/28,sports
"Trump and Putin Share Joke About Election Meddling, Sparking New Furor",2019/06/29,us
It’s Now the Supreme Court’s Turn to Try to Resolve the Fate of the Dreamers,2019/06/29,us
"A Day After Bruising Debate, Biden Pushes Back Against Criticism on Civil Rights",2019/06/29,us
Democrat vs. Democrat: How Health Care Is Dividing the Party,2019/06/29,health
‘I Didn’t Want Them to Go’: Salvadoran Family Grieves for Father and Daughter Who Drowned,2019/06/29,world
How Megan Rapinoe and the U.S. Beat France at the World Cup,2019/06/29,sports
The First New York Pride March Was an Act of ‘Desperate Courage’,2019/06/29,nyregion
De Blasio’s Guevara Lesson: What He Says in New York Should Stay in New York,2019/06/29,nyregion
"With No Supreme Court End to Gerrymandering, Will States Make It More Extreme?",2019/06/29,us
"Oregon Climate Walkout Left Republicans in Hiding, Statehouse in Disarray",2019/06/29,us
"Grenades, Land Mines and U.S. Weapons Parts: Argentina Foils Huge Smuggling Operation",2019/06/29,world
"Deutsche Bank, in a Last-Ditch Effort to Stop Its Spiral, Could Lay Off 20,000",2019/06/29,business
"‘Very Smart People,’ but a Keyless Car’s Downside Killed Them",2019/06/29,business
"As M.L.B. Heads to London, Dominican Players Long for a Homestand",2019/06/29,sports
"A Bird Show Spots a Rival, and Bird-Watchers of Color Are Angry",2019/06/29,movies
"Trump and Xi Agree to Restart Trade Talks, Avoiding Escalation in Tariff War",2019/06/30,world
Trump Consultant Is Trolling Democrats With Biden Site That Isn’t Biden’s,2019/06/30,us
Liberal Democrats Ruled the Debates. Will Moderates Regain Their Voices?,2019/06/30,us
"One Casualty of the Palm Oil Industry: An Orangutan Mother, Shot 74 Times",2019/06/30,world
A China-U.S. Trade Truce Could Enshrine a Global Economic Shift,2019/06/30,business
Trump’s Offer to Say ‘Hello’ to Kim at DMZ Carries Risks and Rewards for Both,2019/06/30,world
"A Monster to History, Stalin Is a Tourist Magnet in His Hometown",2019/06/30,world
"As Putin Pushes a Merger, Belarus Resists With Language, Culture and History",2019/06/30,world
‘Mormon’ No More: Faithful Reflect on Church’s Move to Scrap a Moniker,2019/06/30,us
A Supreme Court Term Marked by Shifting Alliances and Surprise Votes,2019/06/30,us
‘The Human Experience Is Infinite.’,2019/06/30,us
Subway Got Too Big. Franchisees Paid a Price.,2019/06/30,business
"A Unicorn Lost in the Valley, Evernote Blows Up the ‘Fail Fast’ Gospel",2019/06/30,business
"The ‘Stranger Things’ Kids Reflect on Where They’ve Been, and Where They’re Headed",2019/06/30,arts
A Year in Paris That Transformed Jacqueline Kennedy Onassis,2019/06/30,travel
"The Long and Winding Road to ‘Yesterday,’ a Film Full of Beatles Music",2019/06/30,movies
